conz;value
33;103.9429632
11;103.9429632
3.666666667;103.9429632
1.222222222;103.9429632
0.407407407;103.9429632
0.135802469;103.9429632
33;103.9429632
11;103.9429632
3.666666667;103.9429632
1.222222222;103.9429632
0.407407407;103.9429632
0.135802469;103.9429632
33;103.9429632
11;103.9429632
3.666666667;103.9429632
1.222222222;103.9429632
0.407407407;103.9429632
0.135802469;103.9429632
